{
  "boneMap": [ //All player model bones are accounted for in this list, all bone mappings are optional, rotation offset is optional
    //[playerModelBone,
    // replacecmentModelBone
    //quaternion rotation offset x,
    // y,
    // z,
    // w, optional
    // additonal comma separated vars optional]

    [
      "spine",
      "Hips",
      "-0.1198062",
      "0",
      "0",
      "0.9927973"
    ],
    [
      "spine.001",
      "Spine"
    ],
    [
      "spine.003",
      "Chest"
    ],
    [
      "shoulder.L",
      "Shoulder.L"
    ],
    [
      "arm.L_upper",
      "Upper Arm.L",
      "0",
      "0.9384869",
      "0",
      "-0.345315"
    ],
    [
      "arm.L_lower",
      "Lower Arm.L",
      "0",
      "0.9631262",
      "0",
      "-0.2690501"
    ],
    [
      "hand.L",
      "Hand.L"
    ],
    [
      "finger5.L",
      "Little Proximal.L"
    ],
    [
      "finger5.L.001",
      "Little Intermediate.L"
    ],
    [
      "finger4.L",
      "Ring Proximal.L"
    ],
    [
      "finger4.L.001",
      "Ring Intermediate.L"
    ],
    [
      "finger3.L",
      "Middle Proximal.L"
    ],
    [
      "finger3.L.001",
      "Middle Intermediate.L"
    ],
    [
      "finger2.L",
      "Index Proximal.L"
    ],
    [
      "finger2.L.001",
      "Index Intermediate.L"
    ],
    [
      "finger1.L",
      "Thumb Proximal.L",
      "0",
      "0.8201174",
      "0",
      "0.5721954"
    ],
    [
      "finger1.L.001",
      "Thumb Distal.L",
      "0",
      "0.9586774",
      "0",
      "0.2844955"
    ],
    [
      "shoulder.R",
      "Shoulder.R"
    ],
    [
      "arm.R_upper",
      "Upper Arm.R",
      "0",
      "-0.9384869",
      "0",
      "-0.345315"
    ],
    [
      "arm.R_lower",
      "Lower Arm.R",
      "0",
      "-0.9631262",
      "0",
      "-0.2690501"
    ],
    [
      "hand.R",
      "Hand.R"
    ],
    [
      "finger5.R",
      "Little Proximal.R"
    ],
    [
      "finger5.R.001",
      "Little Intermediate.R"
    ],
    [
      "finger4.R",
      "Ring Proximal.R"
    ],
    [
      "finger4.R.001",
      "Ring Intermediate.R"
    ],
    [
      "finger3.R",
      "Middle Proximal.R"
    ],
    [
      "finger3.R.001",
      "Middle Intermediate.R"
    ],
    [
      "finger2.R",
      "Index Proximal.R"
    ],
    [
      "finger2.R.001",
      "Index Intermediate.R"
    ],
    [
      "finger1.R",
      "Thumb Proximal.R",
      "0",
      "-0.8201174",
      "0",
      "0.5721954"
    ],
    [
      "finger1.R.001",
      "Thumb Distal.R",
      "0",
      "-0.9586774",
      "0",
      "0.2844955"
    ],
    [
      "spine.004",
      "Head"
    ],
    [
      "thigh.L",
      "Upper Leg.L",
      "0",
      "1",
      "0",
      "-4.371139E-08"
    ],
    [
      "shin.L",
      "Lower Leg.L",
      "0",
      "1",
      "0",
      "-4.371139E-08"
    ],
    [
      "foot.L",
      "Foot.L",
      "-3.803683E-09",
      "-0.9962067",
      "-0.08701812",
      "4.354558E-08"
    ],
    [
      "toe.L",
      "Toes.L",
      "-0.009474869",
      "0.9895911",
      "0.07955165",
      "0.1195459"
    ],
    [
      "thigh.R",
      "Upper Leg.R",
      "0",
      "-1",
      "0",
      "-4.371139E-08"
    ],
    [
      "shin.R",
      "Lower Leg.R",
      "0",
      "-1",
      "0",
      "-4.371139E-08"
    ],
    [
      "foot.R",
      "Foot.R",
      "-3.803683E-09",
      "0.9962067",
      "0.08701812",
      "4.354558E-08"
    ],
    [
      "toe.R",
      "Toes.R",
      "-0.009474869",
      "-0.9895911",
      "-0.07955165",
      "0.1195459"
    ]
  ],
  "_positionOffSet": [ //x y z offset in player model "spine" bone local space
    0.0,
    0.24,
    0.0
  ],
  "_itemHolderPositionOffset": [ //x y z offset in itemHolderBone local space
    0.0,
    0.0234153271,
    -0.0573401749
  ],
  "itemHolderBone": "Hand.R", //Bone to hold items with
  "rootBone": "Hips" //Parent bone of all other bones
}